Galer√≠a,Enlace,Pornstar,Tags
Busty milf lexi luna doffs her tight outfit and rubs her twat with a vibrator,https://cdni.pornpics.com/1280/7/520/47548040/47548040_003_fe73.jpg,Lexi Luna,"Masturbation, Beautiful, Babe, Solo, White, Brunette, Pornstar, Sexy"
Busty milf lexi luna doffs her tight outfit and rubs her twat with a vibrator,https://cdni.pornpics.com/1280/7/520/47548040/47548040_005_6587.jpg,Lexi Luna,"Masturbation, Beautiful, Babe, Solo, White, Brunette, Pornstar, Sexy"
Busty milf lexi luna doffs her tight outfit and rubs her twat with a vibrator,https://cdni.pornpics.com/1280/7/520/47548040/47548040_010_f8f1.jpg,Lexi Luna,"Masturbation, Beautiful, Babe, Solo, White, Brunette, Pornstar, Sexy"
Busty milf lexi luna doffs her tight outfit and rubs her twat with a vibrator,https://cdni.pornpics.com/1280/7/520/47548040/47548040_013_8225.jpg,Lexi Luna,"Masturbation, Beautiful, Babe, Solo, White, Brunette, Pornstar, Sexy"
Busty milf lexi luna doffs her tight outfit and rubs her twat with a vibrator,https://cdni.pornpics.com/1280/7/520/47548040/47548040_019_4169.jpg,Lexi Luna,"Masturbation, Beautiful, Babe, Solo, White, Brunette, Pornstar, Sexy"
Busty milf lexi luna doffs her tight outfit and rubs her twat with a vibrator,https://cdni.pornpics.com/1280/7/520/47548040/47548040_021_0519.jpg,Lexi Luna,"Masturbation, Beautiful, Babe, Solo, White, Brunette, Pornstar, Sexy"
Busty milf lexi luna doffs her tight outfit and rubs her twat with a vibrator,https://cdni.pornpics.com/1280/7/520/47548040/47548040_028_e1de.jpg,Lexi Luna,"Masturbation, Beautiful, Babe, Solo, White, Brunette, Pornstar, Sexy"
Busty milf lexi luna doffs her tight outfit and rubs her twat with a vibrator,https://cdni.pornpics.com/1280/7/520/47548040/47548040_029_6775.jpg,Lexi Luna,"Masturbation, Beautiful, Babe, Solo, White, Brunette, Pornstar, Sexy"
Busty milf lexi luna doffs her tight outfit and rubs her twat with a vibrator,https://cdni.pornpics.com/1280/7/520/47548040/47548040_032_c6b9.jpg,Lexi Luna,"Masturbation, Beautiful, Babe, Solo, White, Brunette, Pornstar, Sexy"
Busty milf lexi luna doffs her tight outfit and rubs her twat with a vibrator,https://cdni.pornpics.com/1280/7/520/47548040/47548040_035_5388.jpg,Lexi Luna,"Masturbation, Beautiful, Babe, Solo, White, Brunette, Pornstar, Sexy"
Busty milf lexi luna doffs her tight outfit and rubs her twat with a vibrator,https://cdni.pornpics.com/1280/7/520/47548040/47548040_040_af98.jpg,Lexi Luna,"Masturbation, Beautiful, Babe, Solo, White, Brunette, Pornstar, Sexy"
Busty milf lexi luna doffs her tight outfit and rubs her twat with a vibrator,https://cdni.pornpics.com/1280/7/520/47548040/47548040_044_8667.jpg,Lexi Luna,"Masturbation, Beautiful, Babe, Solo, White, Brunette, Pornstar, Sexy"
Busty milf lexi luna doffs her tight outfit and rubs her twat with a vibrator,https://cdni.pornpics.com/1280/7/520/47548040/47548040_045_acfc.jpg,Lexi Luna,"Masturbation, Beautiful, Babe, Solo, White, Brunette, Pornstar, Sexy"
Busty milf lexi luna doffs her tight outfit and rubs her twat with a vibrator,https://cdni.pornpics.com/1280/7/520/47548040/47548040_050_dcfd.jpg,Lexi Luna,"Masturbation, Beautiful, Babe, Solo, White, Brunette, Pornstar, Sexy"
Busty milf lexi luna doffs her tight outfit and rubs her twat with a vibrator,https://cdni.pornpics.com/1280/7/520/47548040/47548040_056_a0c9.jpg,Lexi Luna,"Masturbation, Beautiful, Babe, Solo, White, Brunette, Pornstar, Sexy"
Busty milf lexi luna doffs her tight outfit and rubs her twat with a vibrator,https://cdni.pornpics.com/1280/7/520/47548040/47548040_059_a3db.jpg,Lexi Luna,"Masturbation, Beautiful, Babe, Solo, White, Brunette, Pornstar, Sexy"
Busty milf lexi luna doffs her tight outfit and rubs her twat with a vibrator,https://cdni.pornpics.com/1280/7/520/47548040/47548040_061_6d0d.jpg,Lexi Luna,"Masturbation, Beautiful, Babe, Solo, White, Brunette, Pornstar, Sexy"
Busty milf lexi luna doffs her tight outfit and rubs her twat with a vibrator,https://cdni.pornpics.com/1280/7/520/47548040/47548040_066_db59.jpg,Lexi Luna,"Masturbation, Beautiful, Babe, Solo, White, Brunette, Pornstar, Sexy"
Busty milf lexi luna doffs her tight outfit and rubs her twat with a vibrator,https://cdni.pornpics.com/1280/7/520/47548040/47548040_069_63e8.jpg,Lexi Luna,"Masturbation, Beautiful, Babe, Solo, White, Brunette, Pornstar, Sexy"
Busty milf lexi luna doffs her tight outfit and rubs her twat with a vibrator,https://cdni.pornpics.com/1280/7/520/47548040/47548040_072_6ade.jpg,Lexi Luna,"Masturbation, Beautiful, Babe, Solo, White, Brunette, Pornstar, Sexy"
Busty milf lexi luna doffs her tight outfit and rubs her twat with a vibrator,https://cdni.pornpics.com/1280/7/520/47548040/47548040_076_a2cf.jpg,Lexi Luna,"Masturbation, Beautiful, Babe, Solo, White, Brunette, Pornstar, Sexy"
Milf with a fantastic ass lexi luna flaunts her big boobs while riding a dick,https://cdni.pornpics.com/1280/7/516/86103584/86103584_002_c778.jpg,"Lexi Luna, Oliver Flynn","Sports, MILF, Clothed, Ass, Outdoor, PAWG, Big Tits, Cowgirl, Cumshot, Pornstar, Hardcore, Doggy Style, Blowjob, Titjob, Uniform, Ass Fucking, Pool, Nipples, Close Up, Reality, Brunette, White, Fake Tits"
Milf with a fantastic ass lexi luna flaunts her big boobs while riding a dick,https://cdni.pornpics.com/1280/7/516/86103584/86103584_008_fa3b.jpg,"Lexi Luna, Oliver Flynn","Sports, MILF, Clothed, Ass, Outdoor, PAWG, Big Tits, Cowgirl, Cumshot, Pornstar, Hardcore, Doggy Style, Blowjob, Titjob, Uniform, Ass Fucking, Pool, Nipples, Close Up, Reality, Brunette, White, Fake Tits"
Milf with a fantastic ass lexi luna flaunts her big boobs while riding a dick,https://cdni.pornpics.com/1280/7/516/86103584/86103584_019_fdef.jpg,"Lexi Luna, Oliver Flynn","Sports, MILF, Clothed, Ass, Outdoor, PAWG, Big Tits, Cowgirl, Cumshot, Pornstar, Hardcore, Doggy Style, Blowjob, Titjob, Uniform, Ass Fucking, Pool, Nipples, Close Up, Reality, Brunette, White, Fake Tits"
Milf with a fantastic ass lexi luna flaunts her big boobs while riding a dick,https://cdni.pornpics.com/1280/7/516/86103584/86103584_022_dc26.jpg,"Lexi Luna, Oliver Flynn","Sports, MILF, Clothed, Ass, Outdoor, PAWG, Big Tits, Cowgirl, Cumshot, Pornstar, Hardcore, Doggy Style, Blowjob, Titjob, Uniform, Ass Fucking, Pool, Nipples, Close Up, Reality, Brunette, White, Fake Tits"
Milf with a fantastic ass lexi luna flaunts her big boobs while riding a dick,https://cdni.pornpics.com/1280/7/516/86103584/86103584_023_7ae5.jpg,"Lexi Luna, Oliver Flynn","Sports, MILF, Clothed, Ass, Outdoor, PAWG, Big Tits, Cowgirl, Cumshot, Pornstar, Hardcore, Doggy Style, Blowjob, Titjob, Uniform, Ass Fucking, Pool, Nipples, Close Up, Reality, Brunette, White, Fake Tits"
Milf with a fantastic ass lexi luna flaunts her big boobs while riding a dick,https://cdni.pornpics.com/1280/7/516/86103584/86103584_031_2a1c.jpg,"Lexi Luna, Oliver Flynn","Sports, MILF, Clothed, Ass, Outdoor, PAWG, Big Tits, Cowgirl, Cumshot, Pornstar, Hardcore, Doggy Style, Blowjob, Titjob, Uniform, Ass Fucking, Pool, Nipples, Close Up, Reality, Brunette, White, Fake Tits"
Milf with a fantastic ass lexi luna flaunts her big boobs while riding a dick,https://cdni.pornpics.com/1280/7/516/86103584/86103584_040_7f1a.jpg,"Lexi Luna, Oliver Flynn","Sports, MILF, Clothed, Ass, Outdoor, PAWG, Big Tits, Cowgirl, Cumshot, Pornstar, Hardcore, Doggy Style, Blowjob, Titjob, Uniform, Ass Fucking, Pool, Nipples, Close Up, Reality, Brunette, White, Fake Tits"
Milf with a fantastic ass lexi luna flaunts her big boobs while riding a dick,https://cdni.pornpics.com/1280/7/516/86103584/86103584_043_f31b.jpg,"Lexi Luna, Oliver Flynn","Sports, MILF, Clothed, Ass, Outdoor, PAWG, Big Tits, Cowgirl, Cumshot, Pornstar, Hardcore, Doggy Style, Blowjob, Titjob, Uniform, Ass Fucking, Pool, Nipples, Close Up, Reality, Brunette, White, Fake Tits"
Milf with a fantastic ass lexi luna flaunts her big boobs while riding a dick,https://cdni.pornpics.com/1280/7/516/86103584/86103584_054_1b33.jpg,"Lexi Luna, Oliver Flynn","Sports, MILF, Clothed, Ass, Outdoor, PAWG, Big Tits, Cowgirl, Cumshot, Pornstar, Hardcore, Doggy Style, Blowjob, Titjob, Uniform, Ass Fucking, Pool, Nipples, Close Up, Reality, Brunette, White, Fake Tits"
Milf with a fantastic ass lexi luna flaunts her big boobs while riding a dick,https://cdni.pornpics.com/1280/7/516/86103584/86103584_061_f626.jpg,"Lexi Luna, Oliver Flynn","Sports, MILF, Clothed, Ass, Outdoor, PAWG, Big Tits, Cowgirl, Cumshot, Pornstar, Hardcore, Doggy Style, Blowjob, Titjob, Uniform, Ass Fucking, Pool, Nipples, Close Up, Reality, Brunette, White, Fake Tits"
Milf with a fantastic ass lexi luna flaunts her big boobs while riding a dick,https://cdni.pornpics.com/1280/7/516/86103584/86103584_067_104d.jpg,"Lexi Luna, Oliver Flynn","Sports, MILF, Clothed, Ass, Outdoor, PAWG, Big Tits, Cowgirl, Cumshot, Pornstar, Hardcore, Doggy Style, Blowjob, Titjob, Uniform, Ass Fucking, Pool, Nipples, Close Up, Reality, Brunette, White, Fake Tits"
Milf with a fantastic ass lexi luna flaunts her big boobs while riding a dick,https://cdni.pornpics.com/1280/7/516/86103584/86103584_075_9d72.jpg,"Lexi Luna, Oliver Flynn","Sports, MILF, Clothed, Ass, Outdoor, PAWG, Big Tits, Cowgirl, Cumshot, Pornstar, Hardcore, Doggy Style, Blowjob, Titjob, Uniform, Ass Fucking, Pool, Nipples, Close Up, Reality, Brunette, White, Fake Tits"
Milf with a fantastic ass lexi luna flaunts her big boobs while riding a dick,https://cdni.pornpics.com/1280/7/516/86103584/86103584_077_ddde.jpg,"Lexi Luna, Oliver Flynn","Sports, MILF, Clothed, Ass, Outdoor, PAWG, Big Tits, Cowgirl, Cumshot, Pornstar, Hardcore, Doggy Style, Blowjob, Titjob, Uniform, Ass Fucking, Pool, Nipples, Close Up, Reality, Brunette, White, Fake Tits"
Milf with a fantastic ass lexi luna flaunts her big boobs while riding a dick,https://cdni.pornpics.com/1280/7/516/86103584/86103584_083_66a2.jpg,"Lexi Luna, Oliver Flynn","Sports, MILF, Clothed, Ass, Outdoor, PAWG, Big Tits, Cowgirl, Cumshot, Pornstar, Hardcore, Doggy Style, Blowjob, Titjob, Uniform, Ass Fucking, Pool, Nipples, Close Up, Reality, Brunette, White, Fake Tits"
Milf with a fantastic ass lexi luna flaunts her big boobs while riding a dick,https://cdni.pornpics.com/1280/7/516/86103584/86103584_088_0cec.jpg,"Lexi Luna, Oliver Flynn","Sports, MILF, Clothed, Ass, Outdoor, PAWG, Big Tits, Cowgirl, Cumshot, Pornstar, Hardcore, Doggy Style, Blowjob, Titjob, Uniform, Ass Fucking, Pool, Nipples, Close Up, Reality, Brunette, White, Fake Tits"
Milf with a fantastic ass lexi luna flaunts her big boobs while riding a dick,https://cdni.pornpics.com/1280/7/516/86103584/86103584_097_48d4.jpg,"Lexi Luna, Oliver Flynn","Sports, MILF, Clothed, Ass, Outdoor, PAWG, Big Tits, Cowgirl, Cumshot, Pornstar, Hardcore, Doggy Style, Blowjob, Titjob, Uniform, Ass Fucking, Pool, Nipples, Close Up, Reality, Brunette, White, Fake Tits"
Milf with a fantastic ass lexi luna flaunts her big boobs while riding a dick,https://cdni.pornpics.com/1280/7/516/86103584/86103584_102_d626.jpg,"Lexi Luna, Oliver Flynn","Sports, MILF, Clothed, Ass, Outdoor, PAWG, Big Tits, Cowgirl, Cumshot, Pornstar, Hardcore, Doggy Style, Blowjob, Titjob, Uniform, Ass Fucking, Pool, Nipples, Close Up, Reality, Brunette, White, Fake Tits"
Milf with a fantastic ass lexi luna flaunts her big boobs while riding a dick,https://cdni.pornpics.com/1280/7/516/86103584/86103584_107_7375.jpg,"Lexi Luna, Oliver Flynn","Sports, MILF, Clothed, Ass, Outdoor, PAWG, Big Tits, Cowgirl, Cumshot, Pornstar, Hardcore, Doggy Style, Blowjob, Titjob, Uniform, Ass Fucking, Pool, Nipples, Close Up, Reality, Brunette, White, Fake Tits"
Milf with a fantastic ass lexi luna flaunts her big boobs while riding a dick,https://cdni.pornpics.com/1280/7/516/86103584/86103584_116_119f.jpg,"Lexi Luna, Oliver Flynn","Sports, MILF, Clothed, Ass, Outdoor, PAWG, Big Tits, Cowgirl, Cumshot, Pornstar, Hardcore, Doggy Style, Blowjob, Titjob, Uniform, Ass Fucking, Pool, Nipples, Close Up, Reality, Brunette, White, Fake Tits"
Milf with a fantastic ass lexi luna flaunts her big boobs while riding a dick,https://cdni.pornpics.com/1280/7/516/86103584/86103584_119_7125.jpg,"Lexi Luna, Oliver Flynn","Sports, MILF, Clothed, Ass, Outdoor, PAWG, Big Tits, Cowgirl, Cumshot, Pornstar, Hardcore, Doggy Style, Blowjob, Titjob, Uniform, Ass Fucking, Pool, Nipples, Close Up, Reality, Brunette, White, Fake Tits"
Milf with a fantastic ass lexi luna flaunts her big boobs while riding a dick,https://cdni.pornpics.com/1280/7/516/86103584/86103584_128_feed.jpg,"Lexi Luna, Oliver Flynn","Sports, MILF, Clothed, Ass, Outdoor, PAWG, Big Tits, Cowgirl, Cumshot, Pornstar, Hardcore, Doggy Style, Blowjob, Titjob, Uniform, Ass Fucking, Pool, Nipples, Close Up, Reality, Brunette, White, Fake Tits"
